{"cameraMode":{"drawMode":0,"name":"Shaded","section":"Shading Mode"},"sceneLighting":false,"audioPlay":false,"sceneViewState":{"showFog":true,"showMaterialUpdate":false,"showSkybox":false,"showFlares":true,"showImageEffects":true,"showParticleSystems":true},"in2DMode":false,"pivot":{"x":-0.06342476606369019,"y":0.8893219828605652,"z":0.04476439952850342},"rotation":{"x":0.044278405606746677,"y":0.9464638233184815,"z":-0.14770610630512238,"w":0.28377991914749148},"size":0.7012545466423035,"orthographic":false}