{"cameraMode":{"drawMode":0,"name":"Shaded","section":"Shading Mode"},"sceneLighting":false,"audioPlay":false,"sceneViewState":{"showFog":true,"showMaterialUpdate":false,"showSkybox":true,"showFlares":true,"showImageEffects":true,"showParticleSystems":true},"in2DMode":false,"pivot":{"x":-0.0005664825439453125,"y":0.9654895067214966,"z":0.11098788678646088},"rotation":{"x":-0.00038223061710596085,"y":0.9997014999389648,"z":0.02518693543970585,"w":0.012291807681322098},"size":1.0987266302108765,"orthographic":false}